SCG ID,Component,Title,Implementation Priority,Bridging SCF Controls,Mapped Framework Controls
automation-9.activity-log,Automation,Retain the VCF Automation activity log for the audit window and keep debug output disabled.,P1,"CFG-03, MON-10","1.2.5, 1.2.6, 1.4, 1.4.1, 1.4.2, 2.2.4, 10.5, 10.5.1"
automation-9.oidc-settings,Automation,Bound VCF Automation OIDC token lifetimes and keep redirect targets HTTPS-only.,P1,"CRY-03, IAC-10","4.2, 4.2.1, 4.2.1.2, 8.2.4, 8.3, 8.3.1, 8.3.2, 8.3.3, 8.3.5, 8.3.7, 8.3.9, 8.3.10.1, 8.3.11, 8.6.3, A2.1, A2.1.1, A2.1.2"
automation-9.timeouts,Automation,Limit the VCF Automation API token lifetime.,P1,IAC-10,"8.2.4, 8.3, 8.3.1, 8.3.3, 8.3.5, 8.3.7, 8.3.9, 8.3.10.1, 8.3.11, 8.6.3"
esx-9.account-lockout-duration,ESX,The ESX host must enforce an unlock timeout.,P2,IAC-22,8.3.4
esx-9.account-lockout-max-attempts,ESX,The ESX host must enforce a limit on consecutive invalid logon attempts by a user.,P2,IAC-22,8.3.4
esx-9.account-password-history,ESX,The ESX host must enforce password history for users.,P2,IAC-10.1,"8.3, 8.3.1, 8.3.3, 8.3.5, 8.3.6, 8.3.7, 8.3.9, 8.3.10.1, 8.6.3"
esx-9.ad-admin-group-autoadd,ESX,The ESX host must not automatically grant administrative permissions to Active Directory groups.,P2,"IAC-16, IAC-21","1.3, 3.4, 3.4.2, 7.1, 7.2, 7.2.1, 7.2.2, 7.2.3, 7.2.5, 7.2.6, 7.3, 7.3.1, 7.3.2, 7.3.3, 8.6, 8.6.1"
esx-9.ad-admin-group-name,ESX,"The ESX host must not use the default ""ESX Admins"" Active Directory group.",P0,IAC-10.8,"2.2.2, 2.3.1, 6.5.2"
esx-9.ad-admin-validate-interval,ESX,The ESX host must not disable validation of users and groups.,P2,IAC-17,"7.2.4, 7.2.5.1, A3.4.1"
esx-9.api-soap-timeout,ESX,The ESX host must configure a session timeout for the vSphere API.,P1,IAC-25,8.2.8
esx-9.ceip-disable,ESX,Disable the ESX Customer Experience Improvement Program.,P1,CFG-03,"1.2.5, 1.2.6, 1.4, 1.4.1, 1.4.2, 2.2.4"
esx-9.cpu-hyperthread-warning,ESX,The ESX host must not suppress warnings about unmitigated hyperthreading vulnerabilities.,P2,MON-01.4,"10.2, 10.4, 10.4.1, 10.4.1.1, 10.4.3, 10.7, 10.7.1, 10.7.2, 10.7.3"
esx-9.dcui-timeout,ESX,Set a timeout to automatically terminate idle DCUI sessions on the ESX host.,P2,IAC-25,8.2.8
esx-9.deactivate-mob,ESX,The ESX Managed Object Browser (MOB) must be disabled.,P2,CFG-03,"1.2.5, 1.2.6, 1.4, 1.4.1, 1.4.2, 2.2.4"
esx-9.deactivate-shell,ESX,The ESX Shell must be disabled.,P2,CFG-03,"1.2.5, 1.2.6, 1.4, 1.4.1, 1.4.2, 2.2.4"
esx-9.disable-accounts-dcui,ESX,The ESX host must disable shell access for the dcui account.,P0,IAC-15.7,"8.6, 8.6.1"
esx-9.entropy,ESX,The ESX host must use sufficient entropy for cryptographic operations.,P2,CRY-01,"2.2.7, 3.3.2, 8.3.2, 12.3.3"
esx-9.firewall-incoming-default,ESX,The ESX host must configure the firewall to block network traffic by default.,P2,NET-04.1,"1.3, 1.3.1, 1.3.2, 1.3.3, 1.4.2"
esx-9.firewall-restrict-access,ESX,Configure the ESX host firewall to only allow traffic from authorized networks.,P0,"END-05, NET-04.1","1.3, 1.3.1, 1.3.2, 1.3.3, 1.4.2, 1.5.1"
esx-9.forensic-snapshots,ESX,Leave forensic memory snapshots disabled except on hosts used for deliberate memory capture.,P2,CFG-03,"1.2.5, 1.2.6, 1.4, 1.4.1, 1.4.2, 2.2.4"
esx-9.hardware-cpu-amd-cc,ESX,"Enable AMD SEV-ES and SEV-SNP in system firmware where available, and size the SEV ASID pool appropriately.",P1,CRY-01,"2.2.7, 3.3.2, 8.3.2, 12.3.3"
esx-9.hardware-cpu-intel-cc,ESX,Enable Intel SGX and TDX in system firmware where available.,P1,CRY-01,"2.2.7, 3.3.2, 8.3.2, 12.3.3"
esx-9.hardware-firmware-updates,ESX,"Ensure all system and device firmware is auditable, authentic, and up to date.",P0,VPM-05,6.3.3
esx-9.hardware-management-config-lock,ESX,Lock the hardware management controller configuration after provisioning.,P1,CHG-04,1.2.8
esx-9.hardware-management-log-forwarding,ESX,Forward hardware management controller logs to a central log server.,P0,"MON-02, MON-02.2","10.3.3, 10.4, 10.4.1, 10.4.1.1"
esx-9.hardware-management-security,ESX,Harden integrated hardware management controllers.,P0,"CFG-03, IAC-10.8","1.2.5, 1.2.6, 1.4, 1.4.1, 1.4.2, 2.2.2, 2.2.4, 2.3.1, 6.5.2"
esx-9.hardware-management-time,ESX,Synchronize hardware management controller time with organizational reference sources.,P0,"MON-07.1, SEA-20","10.6, 10.6.1, 10.6.2, 10.6.3"
esx-9.hardware-ports,ESX,Disable or physically protect unused external server ports.,P1,CFG-03,"1.2.5, 1.2.6, 1.4, 1.4.1, 1.4.2, 2.2.4"
esx-9.hardware-tpm,ESX,Install and enable a TPM 2.0 on each ESX host.,P0,CRY-09,"3.5.1.1, 3.6, 3.6.1, 3.6.1.1, 3.6.1.2, 3.6.1.3, 3.6.1.4, 3.7, 3.7.1, 3.7.2, 3.7.3, 3.7.4, 3.7.5, 3.7.6, 3.7.7, 4.2.1.1"
esx-9.hardware-virtual-nic,ESX,The ESX host must not enable virtual hardware management network interfaces.,P0,CFG-03,"1.2.5, 1.2.6, 1.4, 1.4.1, 1.4.2, 2.2.4"
esx-9.key-persistence,ESX,Disable Key Persistence on ESX hosts that do not have controlled physical access.,"P2, Upon Feature Enablement",CRY-09,"3.5.1.1, 3.6, 3.6.1, 3.6.1.1, 3.6.1.2, 3.6.1.3, 3.6.1.4, 3.7, 3.7.1, 3.7.2, 3.7.3, 3.7.4, 3.7.5, 3.7.6, 3.7.7, 4.2.1.1"
esx-9.lockdown-dcui-access,ESX,Maintain the DCUI.Access list for administrative recovery if Lockdown Mode isolates the host.,P2,IAC-21,"1.3, 3.4, 3.4.2, 7.1, 7.2, 7.2.1, 7.2.2, 7.2.6, 7.3, 7.3.1, 7.3.2, 7.3.3, 8.6, 8.6.1"
esx-9.lockdown-exception-users,ESX,Keep the Lockdown Mode Exception Users list to the minimum necessary.,P2,IAC-21,"1.3, 3.4, 3.4.2, 7.1, 7.2, 7.2.1, 7.2.2, 7.2.6, 7.3, 7.3.1, 7.3.2, 7.3.3, 8.6, 8.6.1"
esx-9.lockdown-mode,ESX,The ESX host must enable Lockdown Mode.,P0,IAC-20,"7.2.1, 7.2.2, 7.2.5, 7.2.6"
esx-9.log-audit-forwarding,ESX,The ESX host must transmit audit records to a remote host.,P0,MON-02,"10.3.3, 10.4, 10.4.1, 10.4.1.1"
esx-9.log-audit-local,ESX,The ESX host must enable audit record logging.,P0,MON-03,"6.4.2, 10.2, 10.2.1, 10.2.1.1, 10.2.1.2, 10.2.1.3, 10.2.1.4, 10.2.1.5, 10.2.1.6, 10.2.1.7, 10.2.2"
esx-9.log-audit-local-capacity,ESX,The ESX host must store audit records for a time period consistent with your records retention policy.,P1,MON-10,"10.5, 10.5.1"
esx-9.log-audit-persistent,ESX,Configure a persistent log location for all locally stored audit records on the ESX host.,P0,"MON-08, MON-10","10.3, 10.3.1, 10.3.2, 10.5, 10.5.1"
esx-9.log-filter,ESX,The ESX host must not enable log filtering.,P2,"MON-03, MON-08","6.4.2, 10.2, 10.2.1, 10.2.1.1, 10.2.1.2, 10.2.1.3, 10.2.1.4, 10.2.1.5, 10.2.1.6, 10.2.1.7, 10.2.2, 10.3, 10.3.1, 10.3.2"
esx-9.log-forwarding,ESX,The ESX host must forward system and audit logs to a remote log collection point.,P0,MON-02,"10.3.3, 10.4, 10.4.1, 10.4.1.1"
esx-9.log-forwarding-tls-ciphers,ESX,The ESX host must verify certificates for TLS remote logging endpoints.,P2,"CRY-03, IAC-10.2","4.2, 4.2.1, 4.2.1.2, 8.3.1, 8.3.2, 8.3.11, A2.1, A2.1.1, A2.1.2"
esx-9.log-forwarding-tls-x509,ESX,The ESX host must use strict x509 verification for TLS-enabled remote logging endpoints.,P0,IAC-10.2,"8.3.1, 8.3.11"
esx-9.log-level,ESX,The ESX host must produce audit records containing information to establish what type of events occurred.,P2,MON-03,"6.4.2, 10.2, 10.2.1, 10.2.1.1, 10.2.1.2, 10.2.1.3, 10.2.1.4, 10.2.1.5, 10.2.1.6, 10.2.1.7, 10.2.2"
esx-9.log-persistent,ESX,Configure a persistent log location for all locally stored logs on the ESX host.,P0,"MON-08, MON-10","10.3, 10.3.1, 10.3.2, 10.5, 10.5.1"
esx-9.memory-tiering-encryption,ESX,The ESX host should encrypt data written to tiered memory devices.,P0,CRY-05,"3.3.2, 3.5, 3.5.1.2, 3.5.1.3, 8.3.2, 9.4"
esx-9.network-bpdu,ESX,Enable the Bridge Protocol Data Unit (BPDU) filter on the ESX host.,P2,NET-04,"1.1, 1.3, 1.3.1, 1.3.2, 1.4.2, 1.4.3"
esx-9.network-dvfilter,ESX,Use of the dvFilter network APIs must be restricted on the ESX host.,P2,"CFG-03, NET-04","1.1, 1.2.5, 1.2.6, 1.3, 1.3.1, 1.3.2, 1.4, 1.4.1, 1.4.2, 1.4.3, 2.2.4"
esx-9.network-rpf-promisc,ESX,The ESX host must perform reverse path forwarding checks on promiscuous mode port groups.,P2,NET-04,"1.1, 1.3, 1.3.1, 1.3.2, 1.4.2, 1.4.3"
esx-9.network-standard-reject-forged-transmit,ESX,Reject forged transmits on standard switches and port groups.,"P0, Upon Feature Enablement",NET-04,"1.1, 1.3, 1.3.1, 1.3.2, 1.4.2, 1.4.3"
esx-9.network-standard-reject-mac-changes,ESX,Reject guest MAC address changes on standard switches and port groups.,"P0, Upon Feature Enablement",NET-04,"1.1, 1.3, 1.3.1, 1.3.2, 1.4.2, 1.4.3"
esx-9.network-standard-reject-promiscuous-mode,ESX,Reject promiscuous mode on standard switches and port groups.,"P2, Upon Feature Enablement",NET-04,"1.1, 1.3, 1.3.1, 1.3.2, 1.4.2, 1.4.3"
esx-9.nfs-traffic-protection,ESX,Protect NFS datastore traffic on the ESX host using encryption or network isolation.,"P1, Upon Feature Enablement","CRY-03, NET-06","1.2.1, 1.2.3, 1.2.4, 1.2.5, 1.2.6, 1.2.7, 1.2.8, 1.3, 1.3.1, 1.3.2, 1.3.3, 1.4.1, 1.4.2, 4.2, 4.2.1, 4.2.1.2, 8.3.2, 11.4.5, 11.4.6, 12.5.2, A1.1.4, A2.1, A2.1.1, A2.1.2, A3.2.1, A3.2.4"
esx-9.password-complexity,ESX,Enforce password complexity on ESX local accounts.,P0,IAC-10.1,"8.3, 8.3.1, 8.3.3, 8.3.5, 8.3.6, 8.3.7, 8.3.9, 8.3.10.1, 8.6.3"
esx-9.password-max-age,ESX,The ESX host must be configured with an appropriate maximum password age.,P2,IAC-10.1,"8.3, 8.3.1, 8.3.3, 8.3.5, 8.3.6, 8.3.7, 8.3.9, 8.3.10.1, 8.6.3"
esx-9.session-timeout,ESX,The ESX Host Client must enforce an idle session timeout.,P2,IAC-25,8.2.8
esx-9.shell-interactive-timeout,ESX,Configure the inactivity timeout to automatically terminate idle ESX host shells.,P0,IAC-25,8.2.8
esx-9.shell-timeout,ESX,Set a timeout to limit how long the ESX Shell and SSH services are allowed to run.,P0,IAC-25,8.2.8
esx-9.shell-warning,ESX,The ESX host must not suppress warnings that the local or remote shell is enabled.,P2,MON-01.4,"10.2, 10.4, 10.4.1, 10.4.1.1, 10.4.3, 10.7, 10.7.1, 10.7.2, 10.7.3"
esx-9.snmp,ESX,The SNMP service on the ESX host must not be configured to start automatically.,P0,CFG-03,"1.2.5, 1.2.6, 1.4, 1.4.1, 1.4.2, 2.2.4"
esx-9.ssh,ESX,The ESX host's SSH service must be deactivated except for temporary diagnostic use.,P2,CFG-03,"1.2.5, 1.2.6, 1.4, 1.4.1, 1.4.2, 2.2.4"
esx-9.supported,ESX,The ESX host must run a build of ESX that has not reached End of General Support.,P2,VPM-04,"6.3.3, 11.3"
esx-9.time,ESX,The ESX host must synchronize its clock with organizational reference sources.,P0,"MON-07.1, SEA-20","10.6, 10.6.1, 10.6.2, 10.6.3"
esx-9.tls-ciphers,ESX,"The ESX host's TLS profile must restrict negotiated ciphers and protocols to a modern, approved set.",P0,"CRY-01.5, CRY-03","4.2, 4.2.1, 4.2.1.2, 8.3.2, 12.3.3, A2.1, A2.1.1, A2.1.2"
esx-9.tpm-configuration,ESX,The ESX host must require TPM-based configuration encryption.,P2,CRY-05,"3.3.2, 3.5, 3.5.1.2, 3.5.1.3, 8.3.2, 9.4"
esx-9.tpm-recovery-key-backup,ESX,The ESX host configuration encryption recovery key must be backed up to a secure off-host location.,"P0, Upon Feature Enablement","CRY-08.1, CRY-09","3.5.1.1, 3.6, 3.6.1, 3.6.1.1, 3.6.1.2, 3.6.1.3, 3.6.1.4, 3.7, 3.7.1, 3.7.2, 3.7.3, 3.7.4, 3.7.5, 3.7.6, 3.7.7, 4.2.1.1"
esx-9.updates,ESX,The ESX host must have all available software updates and patches installed.,P0,VPM-05,6.3.3
esx-9.vmk-storage,ESX,The ESX host must protect the confidentiality and integrity of transmitted storage traffic.,P0,"CRY-03, NET-06","1.2.1, 1.2.3, 1.2.4, 1.2.5, 1.2.6, 1.2.7, 1.2.8, 1.3, 1.3.1, 1.3.2, 1.3.3, 1.4.1, 1.4.2, 4.2, 4.2.1, 4.2.1.2, 8.3.2, 11.4.5, 11.4.6, 12.5.2, A1.1.4, A2.1, A2.1.1, A2.1.2, A3.2.1, A3.2.4"
esx-9.vmk-vmotion,ESX,The ESX host must protect the confidentiality and integrity of transmitted vMotion traffic.,P0,"CRY-03, NET-06","1.2.1, 1.2.3, 1.2.4, 1.2.5, 1.2.6, 1.2.7, 1.2.8, 1.3, 1.3.1, 1.3.2, 1.3.3, 1.4.1, 1.4.2, 4.2, 4.2.1, 4.2.1.2, 8.3.2, 11.4.5, 11.4.6, 12.5.2, A1.1.4, A2.1, A2.1.1, A2.1.2, A3.2.1, A3.2.4"
esx-9.vmotion-encryption-offload,ESX,Accelerate vMotion encryption using available hardware offload on ESX hosts.,P2,CRY-03,"4.2, 4.2.1, 4.2.1.2, 8.3.2, A2.1, A2.1.1, A2.1.2"
fleet-9.access-token,Operations,Limit the maximum lifetime of access tokens.,P0,IAC-10,"8.2.4, 8.3, 8.3.1, 8.3.3, 8.3.5, 8.3.7, 8.3.9, 8.3.10.1, 8.3.11, 8.6.3"
fleet-9.all-users-group,Operations,Do not automatically include all users in role assignments.,P2,IAC-20,"7.2.1, 7.2.2, 7.2.5, 7.2.6"
fleet-9.api-token,Operations,Limit the maximum lifetime of API tokens.,P1,IAC-10,"8.2.4, 8.3, 8.3.1, 8.3.3, 8.3.5, 8.3.7, 8.3.9, 8.3.10.1, 8.3.11, 8.6.3"
fleet-9.jit-inactivity,Operations,Configure an inactivity expiry for Just-In-Time users.,P0,IAC-15.3,8.2.6
fleet-9.password-policy,Operations,Configure a fleet-wide password policy.,P0,"IAC-10.1, IAC-22","8.3, 8.3.1, 8.3.3, 8.3.4, 8.3.5, 8.3.6, 8.3.7, 8.3.9, 8.3.10.1, 8.6.3"
fleet-9.time,Operations,Configure fleet-wide time synchronization.,P0,"MON-07.1, SEA-20","10.6, 10.6.1, 10.6.2, 10.6.3"
guest-9.tools-add-feature,ESX,The guest OS must disable automatic addition of optional VMware Tools features.,P0,CHG-04,1.2.8
guest-9.tools-allow-transforms,ESX,The guest OS must disable MSI transforms in VMware Tools auto-upgrades.,P2,CHG-04,1.2.8
guest-9.tools-deactivate-appinfo,ESX,The guest OS must deactivate Appinfo information gathering unless required.,P0,CFG-03,"1.2.5, 1.2.6, 1.4, 1.4.1, 1.4.2, 2.2.4"
guest-9.tools-deactivate-containerinfo,ESX,The guest OS must deactivate ContainerInfo unless required.,P0,CFG-03,"1.2.5, 1.2.6, 1.4, 1.4.1, 1.4.2, 2.2.4"
guest-9.tools-deactivate-guestoperations,ESX,The guest OS must deactivate Guest Operations unless required.,P1,CFG-03,"1.2.5, 1.2.6, 1.4, 1.4.1, 1.4.2, 2.2.4"
guest-9.tools-deactivate-gueststoreupgrade,ESX,The guest OS must deactivate Guest Store Upgrade operations unless required.,P0,CFG-03,"1.2.5, 1.2.6, 1.4, 1.4.1, 1.4.2, 2.2.4"
guest-9.tools-deactivate-servicediscovery,ESX,The guest OS must deactivate Service Discovery unless required.,P0,CFG-03,"1.2.5, 1.2.6, 1.4, 1.4.1, 1.4.2, 2.2.4"
guest-9.tools-globalconf,ESX,The guest OS must deactivate GlobalConf unless required.,P2,CHG-04,1.2.8
guest-9.tools-log-forwarding,ESX,The guest OS must send VMware Tools logs to the system log service.,P0,MON-02,"10.3.3, 10.4, 10.4.1, 10.4.1.1"
guest-9.tools-logs,ESX,The guest OS must enable VMware Tools logging.,P2,MON-03,"6.4.2, 10.2, 10.2.1, 10.2.1.1, 10.2.1.2, 10.2.1.3, 10.2.1.4, 10.2.1.5, 10.2.1.6, 10.2.1.7, 10.2.2"
guest-9.tools-prevent-recustomization,ESX,The guest OS must prevent re-customization of an already-deployed VM.,P0,CHG-04,1.2.8
guest-9.tools-remove-feature,ESX,The guest OS must disable automatic removal of optional VMware Tools features.,P0,CHG-04,1.2.8
guest-9.tools-updates,ESX,The guest OS must run a current version of VMware Tools.,P0,VPM-05,6.3.3
guest-9.tools-upgrade,ESX,"The guest OS must enable VMware Tools auto-upgrade, or use an equivalent external update path.",P2,VPM-05,6.3.3
installer-9.security,Installer,"The VCF Installer appliance must be removed or powered off after deployment completes, unless it has been converted into the SDDC Manager.",P0,CFG-03,"1.2.5, 1.2.6, 1.4, 1.4.1, 1.4.2, 2.2.4"
networks-9.audit-identity,Operations for Networks,Capture user identity in VCF Operations for Networks audit logs.,P0,MON-03,"6.4.2, 10.2, 10.2.1, 10.2.1.1, 10.2.1.2, 10.2.1.3, 10.2.1.4, 10.2.1.5, 10.2.1.6, 10.2.1.7, 10.2.2"
networks-9.session-timeout,Operations for Networks,VCF Operations for Networks must enforce an idle session timeout.,P0,IAC-25,8.2.8
nsx-9.account-lockout-max-attempts,NSX,NSX Manager must enforce an account lockout after consecutive failed authentication attempts.,P0,IAC-22,8.3.4
nsx-9.api-rate-limits,NSX,Configure NSX Manager API rate and concurrency limits.,P0,NET-03.1,"1.4.2, 11.2.1"
nsx-9.backup,NSX,Configure scheduled backups of NSX Manager.,P0,BCD-11,"9.4.1.1, 9.4.1.2, 12.10.1"
nsx-9.bgp-encryption,NSX,Enable BGP authentication on Tier-0 Gateway peers with a unique password per autonomous system.,"P0, Upon Feature Enablement","CRY-04, NET-09","1.4.1, 3.7.5"
nsx-9.ceip-disable,NSX,Disable the NSX Manager Customer Experience Improvement Program.,P1,CFG-03,"1.2.5, 1.2.6, 1.4, 1.4.1, 1.4.2, 2.2.4"
nsx-9.dhcp-disable,NSX,NSX Tier-0 Gateway must not enable DHCP unless it is required.,P2,CFG-03,"1.2.5, 1.2.6, 1.4, 1.4.1, 1.4.2, 2.2.4"
nsx-9.disable-accounts,NSX,Disable unused NSX Manager local accounts.,P0,IAC-15.7,"8.6, 8.6.1"
nsx-9.ibgp-source-loopback,NSX,Configure Tier-0 Gateway iBGP peering to use the loopback address as the source.,"P0, Upon Feature Enablement",NET-03,"1.3.3, 1.4, 1.4.1, 1.4.2, 11.5.1"
nsx-9.inactive-interfaces,NSX,NSX Tier-0 Gateway must remove inactive interfaces.,P1,CFG-03.1,"1.2.7, 11.6.1, 12.3.1, 12.3.4, 12.4.2, 12.5.2, 12.5.2.1, 12.6.2, 12.6.3"
nsx-9.load-balancer-fips,NSX,Enable FIPS-validated cryptography for NSX load balancers.,P0,"CRY-01, CRY-03","2.2.7, 3.3.2, 4.2, 4.2.1, 4.2.1.2, 8.3.2, 12.3.3, A2.1, A2.1.1, A2.1.2"
nsx-9.log-level,NSX,NSX Manager must set service logging levels to capture audit-relevant events.,P0,MON-03,"6.4.2, 10.2, 10.2.1, 10.2.1.1, 10.2.1.2, 10.2.1.3, 10.2.1.4, 10.2.1.5, 10.2.1.6, 10.2.1.7, 10.2.2"
nsx-9.multicast-disable,NSX,NSX Tier-0 Gateway must disable multicast and PIM where they are not required.,P2,CFG-03,"1.2.5, 1.2.6, 1.4, 1.4.1, 1.4.2, 2.2.4"
nsx-9.ospf-encryption,NSX,NSX Tier-0 Gateway must enable OSPF authentication.,"P0, Upon Feature Enablement","CRY-04, NET-09","1.4.1, 3.7.5"
nsx-9.password-complexity,NSX,Enforce password complexity on NSX Manager local accounts.,P0,IAC-10.1,"8.3, 8.3.1, 8.3.3, 8.3.5, 8.3.6, 8.3.7, 8.3.9, 8.3.10.1, 8.6.3"
nsx-9.reverse-path-forwarding,NSX,NSX Tier-0 Gateway must enable unicast Reverse Path Forwarding to drop spoofed-source packets.,"P0, Upon Feature Enablement",NET-03,"1.3.3, 1.4, 1.4.1, 1.4.2, 11.5.1"
nsx-9.routing-protocols-unused,NSX,Disable Tier-0 Gateway routing protocols that are not in use.,P2,CFG-03.1,"1.2.7, 11.6.1, 12.3.1, 12.3.4, 12.4.2, 12.5.2, 12.5.2.1, 12.6.2, 12.6.3"
nsx-9.session-timeout,NSX,NSX Manager must enforce an idle session timeout on its API and CLI.,P0,IAC-25,8.2.8
nsx-9.snmp,NSX,NSX Manager must not use SNMP v1 or v2c.,P2,"CFG-03, NET-12","1.2.5, 1.2.6, 1.4, 1.4.1, 1.4.2, 2.2.4, 4.1, 4.2.1, 11.2"
nsx-9.ssh,NSX,The NSX Manager SSH service must be deactivated except for temporary diagnostic use.,P2,CFG-03,"1.2.5, 1.2.6, 1.4, 1.4.1, 1.4.2, 2.2.4"
nsx-9.t1-dhcp-disable,NSX,Disable Tier-1 Gateway DHCP service when not in use.,P2,CFG-03,"1.2.5, 1.2.6, 1.4, 1.4.1, 1.4.2, 2.2.4"
nsx-9.t1-inactive-interfaces,NSX,Remove inactive interfaces and stale linked segments from Tier-1 Gateways.,P1,CFG-03.1,"1.2.7, 11.6.1, 12.3.1, 12.3.4, 12.4.2, 12.5.2, 12.5.2.1, 12.6.2, 12.6.3"
nsx-9.t1-multicast-disable,NSX,Disable Tier-1 Gateway multicast when not in use.,P2,CFG-03,"1.2.5, 1.2.6, 1.4, 1.4.1, 1.4.2, 2.2.4"
nsx-9.timezone-utc,NSX,Set NSX Manager timezone to UTC for consistent audit timestamps.,P2,MON-07,"10.2, 10.6, 10.6.1, 10.6.2, 10.6.3"
nsx-9.tls-ciphers,NSX,NSX Manager must use TLS with approved protocol versions and cipher suites.,P2,"CRY-01.5, CRY-03","4.2, 4.2.1, 4.2.1.2, 8.3.2, 12.3.3, A2.1, A2.1.1, A2.1.2"
operations-9.account-lockout,Operations,VCF Operations must lock accounts after consecutive failed logon attempts.,P0,IAC-22,8.3.4
operations-9.action-history-retention,Operations,Retain VCF Operations remediation action history for an appropriate interval.,P1,MON-10,"10.5, 10.5.1"
operations-9.ceip-disable,Operations,Disable the VCF Operations Customer Experience Improvement Program.,P1,CFG-03,"1.2.5, 1.2.6, 1.4, 1.4.1, 1.4.2, 2.2.4"
operations-9.certificates-validation,Operations,VCF Operations must activate certificate validation.,P0,IAC-10.2,"8.3.1, 8.3.11"
operations-9.firewall-hardening,Operations,VCF Operations must enable firewall hardening.,P0,"NET-03, NET-04.1","1.3, 1.3.1, 1.3.2, 1.3.3, 1.4, 1.4.1, 1.4.2, 11.5.1"
operations-9.in-page-feedback,Operations,Disable VCF Operations in-page feedback.,P1,CFG-03,"1.2.5, 1.2.6, 1.4, 1.4.1, 1.4.2, 2.2.4"
operations-9.log-collection,Operations,Configure VCF Operations log collection for all deployed components.,P0,"MON-02, MON-02.2","10.3.3, 10.4, 10.4.1, 10.4.1.1"
operations-9.log-retention,Operations,Configure the VCF Operations log retention period.,P1,MON-10,"10.5, 10.5.1"
operations-9.logs-authenticated-ingestion,Operations,Require authenticated log ingestion in VCF Operations.,P0,MON-08,"10.3, 10.3.1, 10.3.2"
operations-9.logs-ssl-api,Operations,Enable SSL for API log ingestion in VCF Operations.,P2,"CRY-03, CRY-04","3.7.5, 4.2, 4.2.1, 4.2.1.2, 8.3.2, A2.1, A2.1.1, A2.1.2"
operations-9.logs-ssl-syslog,Operations,Enable SSL for syslog log ingestion in VCF Operations.,P2,"CRY-03, CRY-04","3.7.5, 4.2, 4.2.1, 4.2.1.2, 8.3.2, A2.1, A2.1.1, A2.1.2"
operations-9.non-imported-vidm,Operations,Restrict VCF Operations access to imported identity-provider users.,P0,"IAC-07, IAC-20","7.2.1, 7.2.2, 7.2.3, 7.2.5, 7.2.6, 8.2.4, 8.3.5"
operations-9.password-complexity,Operations,Enforce password complexity on VCF Operations local accounts.,P2,IAC-10.1,"8.3, 8.3.1, 8.3.3, 8.3.5, 8.3.6, 8.3.7, 8.3.9, 8.3.10.1, 8.6.3"
operations-9.session-timeout,Operations,VCF Operations must enforce an idle session timeout.,P0,IAC-25,8.2.8
pnr-9.log-forwarding,Protection and Recovery,The VCF Protection and Recovery appliance must forward its logs to a central log server.,P0,MON-02,"10.3.3, 10.4, 10.4.1, 10.4.1.1"
pnr-9.ssh,Protection and Recovery,The VCF Protection and Recovery appliance SSH service must be deactivated except for temporary diagnostic use.,P0,"CFG-03, NET-14","1.2.5, 1.2.6, 1.4, 1.4.1, 1.4.2, 2.2.4, 3.4.2, 7.2.5, 8.2.3, 8.2.7, 12.8.1"
pnr-9.time,Protection and Recovery,The VCF Protection and Recovery appliance must synchronize its clock with organizational reference sources.,P0,"MON-07.1, SEA-20","10.6, 10.6.1, 10.6.2, 10.6.3"
sddc-9.api-admin,SDDC Manager,SDDC Manager must configure the API admin account.,P2,IAC-10.8,"2.2.2, 2.3.1, 6.5.2"
sddc-9.basic-auth-disable,SDDC Manager,Disable HTTP Basic Authentication on the SDDC Manager API.,P0,IAC-10,"8.2.4, 8.3, 8.3.1, 8.3.3, 8.3.5, 8.3.7, 8.3.9, 8.3.10.1, 8.3.11, 8.6.3"
vcenter-9.account-lockout-duration,vCenter,Set the vCenter account auto-unlock interval.,P2,IAC-22,8.3.4
vcenter-9.account-lockout-max-attempts,vCenter,Lock vCenter accounts after repeated failed login attempts.,P2,IAC-22,8.3.4
vcenter-9.account-lockout-reset,vCenter,Set the vCenter failed-login counting interval.,P1,IAC-22,8.3.4
vcenter-9.administration-client-plugins,vCenter,Reduce or eliminate third-party vCenter plugins.,P1,TPM-04,"8.2.3, 12.8.2, 12.9, 12.9.1, 12.9.2"
vcenter-9.bashshelladministrators,vCenter,VMware vCenter must restrict membership of the SystemConfiguration.BashShellAdministrators SSO group.,P0,"IAC-15.5, IAC-16","7.2.3, 7.2.5, 8.2.2"
vcenter-9.ceip-disable,vCenter,Disable the vCenter Customer Experience Improvement Program.,P1,CFG-03,"1.2.5, 1.2.6, 1.4, 1.4.1, 1.4.2, 2.2.4"
vcenter-9.client-feedback,vCenter,Disable vSphere Client in-product feedback.,P1,CFG-03,"1.2.5, 1.2.6, 1.4, 1.4.1, 1.4.2, 2.2.4"
vcenter-9.client-telemetry,vCenter,Disable vSphere Client UI telemetry.,P1,CFG-03,"1.2.5, 1.2.6, 1.4, 1.4.1, 1.4.2, 2.2.4"
vcenter-9.content-library-authentication,vCenter,VMware vCenter must require authentication for published content libraries.,"P0, Upon Feature Enablement",IAC-20.1,"7.2.1, 7.2.2, 7.2.5, 7.2.6"
vcenter-9.disable-accounts,vCenter,VMware vCenter must have unnecessary or unused user accounts disabled or removed.,P0,IAC-15.7,"8.6, 8.6.1"
vcenter-9.events-database-retention,vCenter,VMware vCenter must retain task and event data for an appropriate interval.,P2,MON-10,"10.5, 10.5.1"
vcenter-9.events-remote-logging,vCenter,Enable remote logging of vCenter events.,P2,MON-02.7,"10.6, 10.6.1, 10.6.2, 10.6.3"
vcenter-9.log-forwarding,vCenter,VMware vCenter must forward its logs to a central log server.,P0,MON-02,"10.3.3, 10.4, 10.4.1, 10.4.1.1"
vcenter-9.logs-level-global,vCenter,Configure the vCenter logging level to capture security-relevant events.,P2,MON-03,"6.4.2, 10.2, 10.2.1, 10.2.1.1, 10.2.1.2, 10.2.1.3, 10.2.1.4, 10.2.1.5, 10.2.1.6, 10.2.1.7, 10.2.2"
vcenter-9.native-key-provider-backup,vCenter,Protect Native Key Provider backups with a strong password.,"P0, Upon Feature Enablement",CRY-09.3,"2.3.2, 3.6.1, 3.7.5"
vcenter-9.network-mac-learning,vCenter,Disable MAC learning on distributed switch port groups unless a workload requires it.,P2,NET-03,"1.3.3, 1.4, 1.4.1, 1.4.2, 11.5.1"
vcenter-9.network-reject-forged-transmit-dvportgroup,vCenter,Reject forged transmits on distributed switches and port groups.,P2,NET-03,"1.3.3, 1.4, 1.4.1, 1.4.2, 11.5.1"
vcenter-9.network-reject-mac-changes-dvportgroup,vCenter,Reject guest MAC address changes on distributed switches and port groups.,P2,NET-03,"1.3.3, 1.4, 1.4.1, 1.4.2, 11.5.1"
vcenter-9.network-reject-promiscuous-mode-dvportgroup,vCenter,Reject promiscuous mode on distributed switches and port groups.,P2,NET-04,"1.1, 1.3, 1.3.1, 1.3.2, 1.4.2, 1.4.3"
vcenter-9.network-reset-port,vCenter,Reset distributed switch port configuration when a virtual machine disconnects.,P2,NET-03,"1.3.3, 1.4, 1.4.1, 1.4.2, 11.5.1"
vcenter-9.network-restrict-discovery-protocol,vCenter,Disable CDP/LLDP discovery protocols on distributed switches unless required.,P1,"CFG-03, NET-03.3","1.2.5, 1.2.6, 1.4, 1.4.1, 1.4.2, 1.4.5, 2.2.4"
vcenter-9.network-restrict-netflow-usage,vCenter,Send distributed switch NetFlow data only to authorized collectors.,P2,"NET-03, NET-04","1.1, 1.3, 1.3.1, 1.3.2, 1.3.3, 1.4, 1.4.1, 1.4.2, 1.4.3, 11.5.1"
vcenter-9.network-restrict-port-level-overrides,vCenter,"Disallow per-port policy overrides on distributed port groups, except port blocking.",P2,NET-03,"1.3.3, 1.4, 1.4.1, 1.4.2, 11.5.1"
vcenter-9.network-restrict-port-mirroring,vCenter,Remove unauthorized port mirroring sessions on distributed switches.,P2,"NET-03, NET-03.5","1.3.2, 1.3.3, 1.4, 1.4.1, 1.4.2, 11.5.1"
vcenter-9.network-vgt,vCenter,Restrict VLAN trunking (Virtual Guest Tagging) on distributed port groups to authorized VMs.,P2,NET-04,"1.1, 1.3, 1.3.1, 1.3.2, 1.4.2, 1.4.3"
vcenter-9.password-complexity,vCenter,Enforce password complexity for vCenter SSO accounts.,P0,IAC-10.1,"8.3, 8.3.1, 8.3.3, 8.3.5, 8.3.6, 8.3.7, 8.3.9, 8.3.10.1, 8.6.3"
vcenter-9.password-history,vCenter,Restrict password reuse on vCenter SSO accounts.,P2,IAC-10.1,"8.3, 8.3.1, 8.3.3, 8.3.5, 8.3.6, 8.3.7, 8.3.9, 8.3.10.1, 8.6.3"
vcenter-9.password-max-age,vCenter,Disable forced password expiration on vCenter SSO accounts.,P1,IAC-10.1,"8.3, 8.3.1, 8.3.3, 8.3.5, 8.3.6, 8.3.7, 8.3.9, 8.3.10.1, 8.6.3"
vcenter-9.session-timeout,vCenter,Enforce an idle session timeout for the vSphere Client.,P0,IAC-25,8.2.8
vcenter-9.smtp,vCenter,Send vCenter notification email over a secure SMTP connection.,"P0, Upon Feature Enablement",CRY-03,"4.2, 4.2.1, 4.2.1.2, 8.3.2, A2.1, A2.1.1, A2.1.2"
vcenter-9.snmp,vCenter,Disable SNMP v1 and v2c receivers on vCenter.,P2,"CFG-03, NET-12","1.2.5, 1.2.6, 1.4, 1.4.1, 1.4.2, 2.2.4, 4.1, 4.2.1, 11.2"
vcenter-9.snmp3,vCenter,Enforce SNMPv3 authentication and privacy where SNMP is enabled on vCenter.,"P0, Upon Feature Enablement","CRY-01, NET-12","2.2.7, 3.3.2, 4.1, 4.2.1, 8.3.2, 11.2, 12.3.3"
vcenter-9.ssh,vCenter,Deactivate SSH access to the vCenter appliance except for temporary diagnostic use.,P2,CFG-03,"1.2.5, 1.2.6, 1.4, 1.4.1, 1.4.2, 2.2.4"
vcenter-9.time,vCenter,vCenter must synchronize its clock with organizational reference sources.,P0,"MON-07.1, SEA-20","10.6, 10.6.1, 10.6.2, 10.6.3"
vcenter-9.tls-ciphers,vCenter,"vCenter's TLS profile must restrict negotiated ciphers and protocols to a modern, approved set.",P0,"CRY-01.5, CRY-03","4.2, 4.2.1, 4.2.1.2, 8.3.2, 12.3.3, A2.1, A2.1.1, A2.1.2"
vcenter-9.vami-firewall-restrict-access,vCenter,Configure the vCenter appliance firewall to allow inbound traffic only from authorized networks.,P0,"END-05, NET-04.1","1.3, 1.3.1, 1.3.2, 1.3.3, 1.4.2, 1.5.1"
vcenter-9.vami-password-max-age,vCenter,Disable forced password expiration on the vCenter appliance root account.,P0,IAC-10.1,"8.3, 8.3.1, 8.3.3, 8.3.5, 8.3.6, 8.3.7, 8.3.9, 8.3.10.1, 8.6.3"
vcenter-9.vami-updates,vCenter,vCenter must have all available software updates and patches installed.,P0,VPM-05,6.3.3
vcenter-9.vds-health-check-disable,vCenter,Disable the vSphere Distributed Switch health check when not troubleshooting.,P2,"CFG-03, NET-03.3","1.2.5, 1.2.6, 1.4, 1.4.1, 1.4.2, 1.4.5, 2.2.4"
vcenter-9.vpxuser-length,vCenter,Keep the vpxuser password at or above its default length.,P2,IAC-10.1,"8.3, 8.3.1, 8.3.3, 8.3.5, 8.3.6, 8.3.7, 8.3.9, 8.3.10.1, 8.6.3"
vcf-9.mfa,VCF,Integrate VMware Cloud Foundation with an identity provider that enforces multifactor authentication.,P0,"IAC-02, IAC-06.1","7.1, 7.2, 7.2.1, 7.3, 7.3.1, 7.3.2, 7.3.3, 8.1, 8.2, 8.3, 8.3.3, 8.3.9, 8.4.1, 8.4.2, 8.4.3"
vcf-9.perimeter-firewall,VCF,Limit access to VCF component management interfaces with perimeter firewalls.,P0,NET-04.1,"1.3, 1.3.1, 1.3.2, 1.3.3, 1.4.2"
vcf-9.permissions-roles,VCF,"Review and right-size accounts, permissions, and role assignments across all VCF components.",P1,"IAC-17, IAC-21","1.3, 3.4, 3.4.2, 7.1, 7.2, 7.2.1, 7.2.2, 7.2.4, 7.2.5.1, 7.2.6, 7.3, 7.3.1, 7.3.2, 7.3.3, 8.6, 8.6.1, A3.4.1"
vcf-9.secure-baseline,VCF,"Apply the controls in this guidance, and document the rationale for any deviations.",P1,CFG-02,"1.1, 1.2.1, 1.2.6, 2.2, 2.2.1, 8.3.2, 8.5, 10.2, 10.2.1, 10.2.1.1, 10.2.1.2, 10.2.1.3, 10.2.1.4, 10.2.1.5, 10.2.1.6, 10.2.1.7, 10.2.2, 10.6, 10.6.1, 10.6.2, 10.6.3, 11.2"
vm-9.deactivate-console-copy,ESX,Virtual machines must have console copy operations deactivated.,P2,CFG-03,"1.2.5, 1.2.6, 1.4, 1.4.1, 1.4.2, 2.2.4"
vm-9.deactivate-console-paste,ESX,Virtual machines must have console paste operations deactivated.,P2,CFG-03,"1.2.5, 1.2.6, 1.4, 1.4.1, 1.4.2, 2.2.4"
vm-9.deactivate-disk-shrinking-shrink,ESX,Virtual machines must have virtual disk shrinking operations deactivated.,P2,CFG-03,"1.2.5, 1.2.6, 1.4, 1.4.1, 1.4.2, 2.2.4"
vm-9.deactivate-disk-shrinking-wiper,ESX,Virtual machines must have virtual disk wiping operations deactivated.,P2,CFG-03,"1.2.5, 1.2.6, 1.4, 1.4.1, 1.4.2, 2.2.4"
vm-9.deactivate-non-essential-3d-features,ESX,Virtual machines must have 3D graphics features deactivated when not required.,P2,CFG-03,"1.2.5, 1.2.6, 1.4, 1.4.1, 1.4.2, 2.2.4"
vm-9.dvfilter,ESX,Virtual machines must limit access through the dvFilter API.,P2,"CFG-03, NET-04","1.1, 1.2.5, 1.2.6, 1.3, 1.3.1, 1.3.2, 1.4, 1.4.1, 1.4.2, 1.4.3, 2.2.4"
vm-9.efi-boot-types,ESX,Virtual machines must prevent booting from unauthorized sources.,P0,CFG-03,"1.2.5, 1.2.6, 1.4, 1.4.1, 1.4.2, 2.2.4"
vm-9.ft-encrypted,ESX,Virtual machines must require encryption for Fault Tolerance.,P1,"CRY-03, CRY-04","3.7.5, 4.2, 4.2.1, 4.2.1.2, 8.3.2, A2.1, A2.1.1, A2.1.2"
vm-9.isolation-device-connectable-deactivate,ESX,"Virtual machines must prevent unauthorized removal, connection, and modification of devices.",P2,"CFG-03, IAC-21","1.2.5, 1.2.6, 1.3, 1.4, 1.4.1, 1.4.2, 2.2.4, 3.4, 3.4.2, 7.1, 7.2, 7.2.1, 7.2.2, 7.2.6, 7.3, 7.3.1, 7.3.2, 7.3.3, 8.6, 8.6.1"
vm-9.isolation-tools-dnd-deactivate,ESX,Virtual machines must have console drag and drop operations deactivated.,P2,CFG-03,"1.2.5, 1.2.6, 1.4, 1.4.1, 1.4.2, 2.2.4"
vm-9.log-enable,ESX,Virtual machines must enable diagnostic logging.,P2,MON-03,"6.4.2, 10.2, 10.2.1, 10.2.1.1, 10.2.1.2, 10.2.1.3, 10.2.1.4, 10.2.1.5, 10.2.1.6, 10.2.1.7, 10.2.2"
vm-9.log-retention,ESX,Virtual machines must limit the number of retained diagnostic logs.,P2,MON-10,"10.5, 10.5.1"
vm-9.pci-passthrough,ESX,Virtual machines must limit PCI device passthrough functionality.,P2,"CFG-03, IAC-21","1.2.5, 1.2.6, 1.3, 1.4, 1.4.1, 1.4.2, 2.2.4, 3.4, 3.4.2, 7.1, 7.2, 7.2.1, 7.2.2, 7.2.6, 7.3, 7.3.1, 7.3.2, 7.3.3, 8.6, 8.6.1"
vm-9.persistent-disk,ESX,"Virtual machines must not use independent, nonpersistent disks.",P2,CFG-03,"1.2.5, 1.2.6, 1.4, 1.4.1, 1.4.2, 2.2.4"
vm-9.remove-unnecessary-devices,ESX,Virtual machines must remove unnecessary virtual hardware.,P0,CFG-03,"1.2.5, 1.2.6, 1.4, 1.4.1, 1.4.2, 2.2.4"
vm-9.restrict-host-info,ESX,Virtual machines must not be able to obtain host information from the hypervisor.,P2,CFG-03,"1.2.5, 1.2.6, 1.4, 1.4.1, 1.4.2, 2.2.4"
vm-9.virtual-hardware,ESX,Virtual machines must use a minimum supported virtual hardware version.,P1,VPM-05,6.3.3
vm-9.vmotion-encrypted,ESX,Virtual machines must require encryption for vMotion.,P1,"CRY-03, CRY-04","3.7.5, 4.2, 4.2.1, 4.2.1.2, 8.3.2, A2.1, A2.1.1, A2.1.2"
vm-9.vmrc-lock,ESX,Virtual machines must be configured to lock when the last console connection is closed.,P0,IAC-24,8.2.8
vsan-9.auto-policy-management,vSAN,vSAN automatic policy management must remain disabled.,P2,CHG-02,"1.2.2, 6.5, 6.5.1, 6.5.6, 12.4.2"
vsan-9.encryption-rest,vSAN,vSAN must protect data at rest.,P0,CRY-05,"3.3.2, 3.5, 3.5.1.2, 3.5.1.3, 8.3.2, 9.4"
vsan-9.encryption-transit-esa,vSAN,vSAN must protect data in transit between hosts.,P2,"CRY-03, CRY-04","3.7.5, 4.2, 4.2.1, 4.2.1.2, 8.3.2, A2.1, A2.1.1, A2.1.2"
vsan-9.encryption-transit-osa,vSAN,vSAN must protect data in transit between hosts.,P0,"CRY-03, CRY-04","3.7.5, 4.2, 4.2.1, 4.2.1.2, 8.3.2, A2.1, A2.1.1, A2.1.2"
vsan-9.file-services-access-control-nfs,vSAN,NFS file shares on vSAN File Services must be configured to restrict access.,"P0, Upon Feature Enablement","NET-04, NET-04.1","1.1, 1.3, 1.3.1, 1.3.2, 1.3.3, 1.4.2, 1.4.3"
vsan-9.file-services-authentication-smb,vSAN,SMB file shares on vSAN File Services must require protocol encryption.,"P0, Upon Feature Enablement","CRY-03, CRY-04","3.7.5, 4.2, 4.2.1, 4.2.1.2, 8.3.2, A2.1, A2.1.1, A2.1.2"
vsan-9.hcl-internet,vSAN,Disable or proxy the vSAN Health Check Hardware Compatibility List (HCL) download.,P1,"CFG-03, NET-03","1.2.5, 1.2.6, 1.3.3, 1.4, 1.4.1, 1.4.2, 2.2.4, 11.5.1"
vsan-9.managed-disk-claim,vSAN,vSAN must disable managed disk claims.,P0,CHG-04,1.2.8
vsan-9.network-isolation-vsan-iscsi-target,vSAN,Isolate vSAN iSCSI Target traffic on dedicated VMkernel interfaces.,"P0, Upon Feature Enablement","NET-03, NET-06","1.2.1, 1.2.3, 1.2.4, 1.2.5, 1.2.6, 1.2.7, 1.2.8, 1.3, 1.3.1, 1.3.2, 1.3.3, 1.4, 1.4.1, 1.4.2, 11.4.5, 11.4.6, 11.5.1, 12.5.2, A1.1.4, A3.2.1, A3.2.4"
vsan-9.rekey-interval,vSAN,Re-issue vSAN encryption Key Encryption Keys (KEKs) on a regular schedule.,P1,CRY-09,"3.5.1.1, 3.6, 3.6.1, 3.6.1.1, 3.6.1.2, 3.6.1.3, 3.6.1.4, 3.7, 3.7.1, 3.7.2, 3.7.3, 3.7.4, 3.7.5, 3.7.6, 3.7.7, 4.2.1.1"
vsan-9.storage-cluster-traffic-protection,vSAN,vSAN Storage Cluster compute-to-storage traffic must be encrypted or isolated.,"P0, Upon Feature Enablement","CRY-03, NET-06","1.2.1, 1.2.3, 1.2.4, 1.2.5, 1.2.6, 1.2.7, 1.2.8, 1.3, 1.3.1, 1.3.2, 1.3.3, 1.4.1, 1.4.2, 4.2, 4.2.1, 4.2.1.2, 8.3.2, 11.4.5, 11.4.6, 12.5.2, A1.1.4, A2.1, A2.1.1, A2.1.2, A3.2.1, A3.2.4"
